Metric,Mean,Std_Deviation,Min_Value,Max_Value,Final_Value
Training Accuracy,0.829615,0.080944,0.625,0.887248415,0.887248415
Validation Accuracy,0.801346,0.043404,0.691375,0.846615,0.82773
Training Loss,0.408416,0.196149,0.2847020699977875,0.9460146498680116,0.2847020699977875
Validation Loss,0.453015,0.071887,0.3712386679649353,0.6090302157402039,0.3972221899032593