Metric,Mean,Std_Deviation,Min_Value,Max_Value,Final_Value
Training Accuracy,0.7949305487,0.08454329,0.62305582,0.881472223,0.876527767
Validation Accuracy,0.8043749976,0.05834275,0.71625,0.892500024,0.892500024
Training Loss,0.5702146142,0.46969445,0.277014682,1.891600561,0.277014682
Validation Loss,0.4485856318,0.13796982,0.264740157,0.628006637,0.264740157