Metric,Mean,Std_Deviation,Min_Value,Max_Value,Final_Value
Training Accuracy,0.865703,0.053415,0.736736128,0.903471971,0.903471971
Validation Accuracy,0.866139,0.050893,0.742187502,0.908625024,0.908625024
Training Loss,0.324837,0.086808,0.251724372,0.531429481,0.251724372
Validation Loss,0.337029,0.077582,0.254735227,0.52734766,0.254735227